message_id,date,text_preview
5524,2025-01-04T13:12:37,"Coin: #ETH/USDT

Long Set-Up 

Leverage: 5-10x

#ETH already breaked out the Bull Flag and looking Bullish.

Entry: 3603 - 3590$

Targets: 3680 - 3760 - 3840 - 3920 - 4000$

Stop-loss: 3570$"
5525,2025-01-04T13:48:56,"Coin: #HBAR/USDT

Long Set-Up 

Leverage: 5-10x

#HBAR already breaked out the Symmetrical traingle and looking Bullish.

Entry: 0.305 - 0.295$(Buy partially)

Targets: 0.315 - 0.322 - 0.330 - 0.338 - 0.355 - 0.375 - 0.395 - 0.420$(Short-mid term)

Stop-loss: 0.285$"
5528,2025-01-05T13:42:20,"Coin: #LINA/USDT

Long Set-Up 

Leverage: 5-10x

#LINA already breaked out the inverse head and shoulders pattern and looking Bullish.

Entry: 0.00560 - 0.00545$(Buy partially)

Targets: 0.00575 - 0.00590 - 0.00605 - 0.00620 - 0.00640$(Short term)

Stop-loss: 0.00530$"
5537,2025-01-08T13:10:36,"Coin: #AAVE/USDT

Short Set-Up 

Leverage: 5-10x

#AAVE already breaked down the symmetrical triangle and looking bearish.

Entry: 297 - 320$(Enter partially)

Targets: 288 - 280 - 272 - 264 - 248 - 232 - 216 - 200$(Short term)

Stop-loss: 335$"
5540,2025-01-09T17:57:45,"Coin: #BAND/USDT

Short Set-Up 

Leverage: 5-10x

#BAND already breaked down the Bear flag and looking bearish.

Entry: 1.36 - 1.42$(Enter partially)

Targets: 1.33 - 1.30 - 1.26 - 1.22 - 1.16 - 1.08 - 1.00$(Short term)

Stop-loss: 1.48$"
5543,2025-01-09T20:35:50,"Coin: #MTL/USDT

Long Set-Up 

Leverage: 5-10x

#MTL already breaked out the Symmetrical traingle and looking Bullish.

Entry: 1.39 - 1.34$(Buy partially)

Targets: 1.42 - 1.46 - 1.50 - 1.54 - 1.62 - 1.69 - 1.75$(Short term)

Stop-loss: 1.28$"
5547,2025-01-10T18:29:12,"Coin: #REZ/USDT

Short Set-Up 

Leverage: 5-10x

#REZ already breaked down the Head and shoulder pattern and looking bearish.

Entry: 0.03110 - 0.03300$(Enter partially)

Targets: 0.0300$ - 0.0290$ - 0.0280$ - 0.0270$ - 0.0250$ - 0.0230$ - 0.0210$(Short-mid term)

Stop-loss: 0.036$"
5549,2025-01-10T18:50:40,"Coin: #HBAR/USDT

Short Set-Up 

Leverage: 5-10x

#HBAR already breaked down the symmetrical triangle and looking bearish.

Entry: 0.275 - 0.285$(Enter partially)

Targets: 0.266 - 0.260 - 0.254 - 0.248 - 0.235 - 0.222 - 0.210$(Short-mid term)

Stop-loss: 0.295$"
5554,2025-01-12T13:16:30,"Coin: #EGLD/USDT

Short Set-Up 

Leverage: 5-10x

#EGLD already breaked down the Bear flag pattern and looking bearish.

Entry: 33.35 - 34.50$(Enter partially)

Targets: 32 - 31 - 30 - 29 - 27 - 25$(Short-mid term)

Stop-loss: 36$"
5562,2025-01-14T18:05:13,"Coin: #XRP/USDT

Long Set-Up 

Leverage: 5-10x

#XRP already breaked out the Symmetrical traingle and looking Bullish.

Entry: 2.60 - 2.40$(Buy partially)

Targets: 2.68 - 2.74 - 2.80 - 2.86 - 3.00 - 3.15 - 3.28 - 3.40$(Short-mid term)

Stop-loss: 2.25$"
5564,2025-01-14T19:10:36,"Coin: #MTL/USDT

Long Set-Up 

Leverage: 5-10x

#MTL already breaked out the Downtrend channel and looking Bullish.

Entry: 1.32 - 1.28$(Buy partially)

Targets: 1.36 - 1.39 - 1.42 - 1.46 - 1.53 - 1.60$(Short term)

Stop-loss: 1.24$"
5568,2025-01-15T17:17:03,"Coin: #ZRX/USDT

Long Set-Up 

Leverage: 5-10x

#ZRX already breaked out the Downtrend channel and looking Bullish.

Entry: 0.5070 - 0.4900$(Buy partially)

Targets: 0.5200 - 0.5350 - 0.5500 - 0.5650 - 0.5820 - 0.6000$(Short term)

Stop-loss: 0.4700$"
5573,2025-01-16T14:25:33,"Coin: #LTC/USDT

Long Set-Up 

Leverage: 5-10x

#LTC already breaked out the Downtrend channel and looking Bullish.

Entry: 120 - 112$(Buy partially)

Targets: 124 - 127 - 130 - 133 - 138 - 144 - 150$(Short-mid term)

Stop-loss: 106$"
5576,2025-01-17T10:14:23,"Coin: #RUNE/USDT

Long Set-Up 

Leverage: 5-10x

#RUNE already breaked out the Inverse head and shoulder pattern and looking Bullish.

Entry: 3.720 - 3.600$(Buy partially)

Targets: 3.800 - 3.900 - 4.000 - 4.100 - 4.250 - 4.400$(Short term)

Stop-loss: 3.450$"
5586,2025-01-21T19:14:37,"Coin: #BNB/USDT

Long Set-Up 

Leverage: 5-10x

#BNB looking Bullish after break out🔥

Entry: 695 - 684$(Buy partially)

Targets: 710 - 724 - 740 - 756 - 776 - 800$(Short term)

Stop-loss: 668$"
5590,2025-01-24T20:15:44,"Coin: #DYDX/USDT

Long Set-Up 

Leverage: 5-10x

#DYDX already breaked out the Symmetrical traingle and looking Bullish.

Entry: 1.185 - 1.160$(Buy partially)

Targets: 1.220 - 1.250 - 1.280 - 1.310 - 1.370 - 1.450$(Short-mid term)

Stop-loss: 1.140$"
5592,2025-01-24T21:16:43,"Coin: #ICP/USDT

Short Set-Up 

Leverage: 5-10x

#ICP already breaked down the Descending Triangle and looking bearish.

Entry: 9.228 - 9.600$(Enter partially)

Targets: 9.000 - 8.800 - 8.600 - 8.400 - 8.000 - 7.600 - 7.300 - 7.000$(Short-mid term)

Stop-loss: 10.000$"
5595,2025-01-25T12:10:42,"Coin: #OXT/USDT

Short Set-Up 

Leverage: 5-10x

#OXT already breaked down the symmetrical triangle and looking bearish.

Entry: 0.105 - 0.110$(Enter partially)

Targets: 0.102 - 0.099 - 0.097 - 0.095 - 0.090 - 0.086 - 0.081 - 0.075$(Short-mid term)

Stop-loss: 0.116$"
5599,2025-01-26T19:00:18,"Coin: #KSM/USDT

Long Set-Up 

Leverage: 5-10x

#KSM already breaked out the Symmetrical traingle and looking Bullish.

Entry: 27.9 - 27.6$(Buy partially)

Targets: 28.6 - 29.2 - 29.8 - 30.4 - 31.6 - 33$(Short term)

Stop-loss: 27.2$"
5601,2025-01-26T19:10:59,"Coin: #INJ/USDT

Long Set-Up 

Leverage: 5-10x

#INJ already breaked out the Symmetrical traingle and looking Bullish.

Entry: 21.180 - 20.900$(Buy partially)

Targets: 21.600 - 22.100 - 22.600 - 23.200 - 24.100 - 25.000$(Short term)

Stop-loss: 20.700$"
5617,2025-01-30T20:26:26,"Coin: #QNT/USDT

Long Set-Up 

Leverage: 5-10x

#QNT already breaked out the Downtrend channel and looking Bullish.

Entry: 111.25 - 108.00$(Buy partially)

Targets: 114 - 117 - 120 - 123 - 129 - 135$(Short term)

Stop-loss: 104$"
5626,2025-02-01T14:28:19,"Coin: #XMR/USDT

Long Set-Up 

Leverage: 5-10x

#XMR already breaked out the inverse Cup and handle pattern and looking Bullish.

Entry: 239.4 - 232.5$(Buy partially)

Targets: 246 - 252 - 258 - 264 - 278 - 290 - 300$(Short term)

Stop-loss: 225$"
5628,2025-02-02T14:01:11,"Coin: #RSR/USDT

Short Set-Up 

Leverage: 5-10x

#RSR already breaked down the symmetrical triangle and looking bearish.

Entry: 0.0109 - 0.0120$(Enter partially)

Targets: 0.0106 - 0.0102 - 0.0098 - 0.0094 - 0.0088 - 0.0080$(Short term)

Stop-loss: 0.0130$"
5629,2025-02-02T14:08:39,"Coin: #DEFI/USDT

Short Set-Up 

Leverage: 5-10x

#DEFI already breaked down the Cup and handle pattern and looking bearish.

Entry: 882 - 920$(Enter partially)

Targets: 860 - 840 - 820 - 800 - 760 - 720 - 680$(Short term)

Stop-loss: 980$"
5639,2025-02-07T17:37:46,"Coin: #APT/USDT

Long Set-Up 

Leverage: 5-10x

#APT already breaked out the Falling wedge pattern and looking Bullish.

Entry: 5.98 - 5.85$(Buy partially)

Targets: 6.10 - 6.25 - 6.40 - 6.55 - 6.90$(Short term)

Stop-loss: 5.70$"
5644,2025-02-10T20:24:48,"Coin: #ENS/USDT

Long Set-Up 

Leverage: 5-10x

#ENS already breaked out the traingle and looking Bullish.

Entry: 25.9 - 25.2$(Buy partially)

Targets: 26.5 - 27.1 - 27.8 - 28.5 - 29.8 - 31.0$(Short term)

Stop-loss: 24.6$"
5646,2025-02-10T20:34:16,"Coin: #BAL/USDT

Long Set-Up 

Leverage: 5-10x

#BAL already breaked out the Symmetrical traingle and looking Bullish.

Entry: 1.94 - 1.90$(Buy partially)

Targets: 2.00 - 2.04 - 2.08 - 2.14 - 2.22 - 2.30$(Short term)

Stop-loss: 1.86$"
5651,2025-02-14T21:35:58,"Coin: #SOL/USDT

Long Set-Up 

Leverage: 5-10x

#SOL already breaked out the traingle and looking Bullish.

Entry: 201.70 - 198.00$(Buy partially)

Targets: 206 - 211 - 216 - 222 - 229 - 236$(Short term)

Stop-loss: 194$"
5661,2025-02-19T21:02:53,"Coin: #SOL/USDT

Short Set-Up 

Leverage: 5-10x

#SOL already breaked down the Head and shoulder pattern and looking bearish.

Entry: 168 - 176$(Enter partially)

Targets: 163 - 159 - 155 - 151 - 142 - 134 - 127 - 120$(Short-mid term)

Stop-loss: 185$"
5665,2025-02-21T11:33:37,"Coin: #DOT/USDT

Long Set-Up 

Leverage: 5-10x

#DOT already breaked out the Falling wedge pattern and looking Bullish.

Entry: 5.120 - 4.800$(Buy partially)

Targets: 5.25 - 5.35 - 5.50 - 5.65 - 6.00 - 6.40 - 6.70 - 7.00$(Short-mid term)

Stop-loss: 4.40$"
5667,2025-02-21T12:49:50,"Coin: #EGLD/USDT

Long Set-Up 

Leverage: 5-10x

#EGLD already breaked out the Falling wedge pattern and looking Bullish.

Entry: 23.88 - 22.40$(Buy partially)

Targets: 24.40 - 25 - 25.6 - 26.2 - 27.5 - 29 - 30.5 - 32$(Short-mid term)

Stop-loss: 21.00$"
5676,2025-02-26T15:52:13,"Coin: #KAVA/USDT

Short Set-Up 

Leverage: 5-10x

#KAVA already breaked down the symmetrical triangle and looking bearish.

Entry: 0.4105 - 0.4300$(Enter partially)

Targets: 0.3950 - 0.3850 - 0.3750 - 0.3650 - 0.3450 - 0.3250 - 0.3120 - 0.3000$(Short-mid term)

Stop-loss: 0.4600$"
5681,2025-02-27T21:24:03,"Coin: #ONE/USDT

Short Set-Up 

Leverage: 5-10x

#ONE already breaked down the Bear flag and looking bearish.

Entry: 0.01419 - 0.01500$(Enter partially)

Targets: 0.01380 - 0.01340 - 0.01300 - 0.01260 - 0.01180 - 0.01100 - 0.01020 - 0.00920 - 0.00800$(Short-mid term)

Stop-loss: 0.01600$"
5683,2025-02-27T21:34:57,"Coin: #XLM/USDT

Short Set-Up 

Leverage: 5-10x

#XLM already breaked down the symmetrical triangle and looking bearish.

Entry: 0.278 - 0.284$(Enter partially)

Targets: 0.272 - 0.266 - 0.260 - 0.254 - 0.242 - 0.230$(Short term)

Stop-loss: 0.290$"
5686,2025-02-28T21:10:45,"Coin: #HBAR/USDT

Long Set-Up 

Leverage: 5-10x

#HBAR already breaked out the Downtrend channel and looking Bullish.

Entry: 0.215 - 0.208$(Buy partially)

Targets: 0.220 - 0.226 - 0.232 - 0.238 - 0.250 - 0.264 - 0.280$(Short term)

Stop-loss: 0.200$"
5690,2025-03-01T20:11:35,"Coin: #NEAR/USDT

Long Set-Up 

Leverage: 5-10x

#NEAR already breaked out the inverse cup and handle pattern and looking Bullish.

Entry: 3.255 - 3.180$(Buy partially)

Targets: 3.340 - 3.420 - 3.500 - 3.580 - 3.750 - 3.880 - 4.000$(Short term)

Stop-loss: 3.100$"
5692,2025-03-01T23:14:27,"Coin: #BAND/USDT

Long Set-Up 

Leverage: 5-10x

#BAND already breaked out the Symmetrical traingle and looking Bullish.

Entry: 0.9618 - 0.9400$(Buy partially)

Targets: 0.9900 - 1.01 - 1.03 - 1.06 - 1.11 - 1.16 - 1.20 - 1.25$(Short term)

Stop-loss: 0.92$"
5699,2025-03-02T20:12:18,"Coin: #SAGA/USDT

Long Set-Up 

Leverage: 5-10x

#SAGA already breaked out the Symmetrical traingle and looking Bullish.

Entry: 0.5500 - 0.5400$(Buy partially)

Targets: 0.565 - 0.580 - 0.595 - 0.610 - 0.635 - 0.670 - 0.705 - 0.740$(Short-mid term)

Stop-loss: 0.520$"
5701,2025-03-02T20:41:58,"Coin: #GMT/USDT

Long Set-Up 

Leverage: 5-10x

#GMT already breaked out the Symmetrical traingle and looking Bullish.

Entry: 0.0637 - 0.0620$(Buy partially)

Targets: 0.0655 - 0.0670 - 0.0685 - 0.0700 - 0.0730 - 0.0755 - 0.0780$(Short term)

Stop-loss: 0.0605$"
5705,2025-03-07T19:24:48,"Coin: #BCH/USDT

Long Set-Up 

Leverage: 5-10x

#BCH already breaked out the Falling wedge pattern and looking Bullish.

Entry: 391.2 - 360$(Buy partially)

Targets: 402.5 - 412.5 - 422.5 - 432 - 456 - 477 - 500$(Short-mid term)

Stop-loss: 330$"
5708,2025-03-09T13:11:22,"Coin: #ALGO/USDT

Short Set-Up 

Leverage: 5-10x

#ALGO already breaked down the Head and shoulder pattern and looking bearish.

Entry: 0.2135 - 0.2200$(Enter partially)

Targets: 0.2080 - 0.2020 - 0.1970 - 0.1930 - 0.1800 - 0.1700 - 0.1600 - 0.1500$(Short-mid term)

Stop-loss: 0.2300$"
5710,2025-03-09T13:33:02,"Coin: #PEOPLE/USDT

Short Set-Up 

Leverage: 5-10x

#PEOPLE already breaked down the Bear flag and looking bearish.

Entry: 0.0157 - 0.0170$(Enter partially)

Targets: 0.0152 - 0.0148 - 0.0144 - 0.0140 - 0.0132 - 0.0124 - 0.0116 - 0.0108 - 0.0095 - 0.0080$(Short-mid term)

Stop-loss: 0.0185$"
5715,2025-03-09T19:01:31,"Coin: #AXS/USDT

Short Set-Up 

Leverage: 5-10x

#AXS already breaked down the Descending Triangle and looking bearish.

Entry: 3.098 - 3.300$(Enter partially)

Targets: 3.020 - 2.940 - 2.880 - 2.820 - 2.650 - 2.500 - 2.350 - 2.180 - 2.000$(Short-mid term)

Stop-loss: 3.500$"
5727,2025-03-15T20:11:05,"Coin: #MTL/USDT

Long Set-Up 

Leverage: 5-10x

#MTL already breaked out the Inverse head and shoulder pattern and looking Bullish.

Entry: 0.7507 - 0.7300$(Buy partially)

Targets: 0.7700 - 0.7900 - 0.8100 - 0.8300 - 0.8650 - 0.9000$(Short term)

Stop-loss: 0.7100$"
5728,2025-03-15T21:04:36,"Coin: #OGN/USDT

Long Set-Up 

Leverage: 5-10x

#OGN already breaked out the Falling wedge pattern and looking Bullish.

Entry: 0.06350 - 0.06100$(Buy partially)

Targets: 0.06500 - 0.06650 - 0.06800 - 0.06950 - 0.07200 - 0.07500 - 0.07750 - 0.08000$(Short-mid term)

Stop-loss: 0.05900$"
5731,2025-03-17T14:21:13,"Coin: #BSW/USDT

Long Set-Up 

Leverage: 5-10x

#BSW already breaked out the inverse head and shoulders pattern and looking Bullish.

Entry: 0.03930 - 0.03800$(Buy partially)

Targets: 0.04000 - 0.04100 - 0.04200 - 0.04300 - 0.04500 - 0.04700 - 0.04900$(Short-mid term)

Stop-loss: 0.03650$"
5738,2025-03-19T12:17:34,"Coin: #CRV/USDT

Long Set-Up 

Leverage: 5-10x

#CRV already breaked out the Downtrend channel and looking Bullish.

Entry: 0.468 - 0.440$(Buy partially)

Targets: 0.480 - 0.490 - 0.500 - 0.515 - 0.540 - 0.570 - 0.595 - 0.620$(Short-mid term)

Stop-loss: 0.420$"
5743,2025-03-21T22:25:48,"Coin: #EOS/USDT

Long Set-Up 

Leverage: 5-10x

#EOS already breaked out the Falling wedge pattern and looking Bullish.

Entry: 0.5576 - 0.5300$(Buy partially)

Targets: 0.5750 - 0.5900 - 0.6100 - 0.6300 - 0.6700 - 0.7100 - 0.7500 - 0.8000$(Short-mid term)

Stop-loss: 0.5000$"
5750,2025-03-24T12:37:55,"Coin: #AAVE/USDT

Long Set-Up 

Leverage: 5-10x

#AAVE already breaked out the Falling wedge pattern and looking Bullish.

Entry: 192.85 - 184$(Buy partially)

Targets: 198 - 202 - 208 - 214 - 226 - 238 - 249 - 260$(Short-mid term)

Stop-loss: 172$"
5752,2025-03-24T14:31:07,"Coin: #KDA/USDT

Long Set-Up 

Leverage: 5-10x

#KDA already breaked out the Inverse head and shoulder pattern and looking Bullish.

Entry: 0.5050 - 0.4900$(Buy partially)

Targets: 0.5200 - 0.5300 - 0.5450 - 0.5600 - 0.5900 - 0.6200 - 0.6600$(Short-mid term)

Stop-loss: 0.4700$"
5754,2025-03-24T21:12:26,"Coin: #LTC/USDT

Long Set-Up 

Leverage: 5-10x

#LTC already breaked out the Ascending triangle and looking Bullish.

Entry: 95.04 - 94$(Buy partially)

Targets: 97 - 99 - 101 - 103.5 - 108 - 112$(Short term)

Stop-loss: 93$"
5757,2025-03-25T12:42:41,"Coin: #IP/USDT

Long Set-Up 

Leverage: 5-10x

#IP already breaked out the Symmetrical traingle and looking Bullish.

Entry: 6.41 - 6.00$(Buy partially)

Targets: 6.75 - 7.00 - 7.20 - 7.60 - 8.00 - 8.50$(Short-mid term)

Stop-loss: 5.80$"
5770,2025-03-30T23:19:33,"Coin: #HBAR/USDT

Short Set-Up 

Leverage: 5-10x

#HBAR already breaked down the Descending Triangle and looking bearish.

Entry: 0.170 - 0.178$(Enter partially)

Targets: 0.165 - 0.161 - 0.157 - 0.154 - 0.144 - 0.136 - 0.128 - 0.120$(Short-mid term)

Stop-loss: 0.186$"
5778,2025-04-06T19:49:00,"Coin: #BANANA/USDT

Short Set-Up 

Leverage: 5-10x

#BANANA already breaked down the Inverse head and shoulder pattern and looking bearish.

Entry: 15.050 - 16.000$(Enter partially)

Targets: 14.600 - 14.200 - 13.800 - 13.400 - 12.600 - 11.800 - 11.000$(Short term)

Stop-loss: 17.000$"
5780,2025-04-06T20:22:10,"Coin: #1000WHY/USDT

Short Set-Up 

Leverage: 5-10x

#WHY already breaked down the Uptrend Channel and looking bearish.

Entry: 0.0000571 - 0.0000620$(Enter partially)

Targets: 0.0000555 - 0.0000540 - 0.0000525 - 0.0000510 - 0.0000480 - 0.0000450 - 0.0000425 - 0.0000400$(Short-mid term)

Stop-loss: 0.0000670$"
5791,2025-04-12T08:13:40,"Coin: #ONDO/USDT

Long Set-Up 

Leverage: 5-10x

#ONDO already breaked out the Falling wedge pattern and looking Bullish.

Entry: 0.8785 - 0.8000$(Buy partially)

Targets: 0.9000 - 0.9200 - 0.9500 - 0.9700 - 1.0200 - 1.0900 - 1.1500$(Short-mid term)

Stop-loss: 0.7400$"
5794,2025-04-13T00:01:31,"Coin: #IOTA/USDT

Long Set-Up 

Leverage: 5-10x

#IOTA already breaked out the Falling wedge pattern and looking Bullish.

Entry: 0.1703 - 0.1600$(Buy partially)

Targets: 0.1760 - 0.1820 - 0.1880 - 0.1960 - 0.2100 - 0.2200 - 0.2300$(Short-mid term)

Stop-loss: 0.1500$"
5798,2025-04-14T14:16:16,"Coin: #BTC/USDT

Long Set-Up 

Leverage: 5-10x

#BTC already breaked out the Downtrend channel and looking Bullish.

Entry: 84700 - 82000$(Buy partially)

Targets: 87000 - 89000 - 91000 - 93000 - 96000 - 100000$(Short term)

Stop-loss: 79000$"
5802,2025-04-16T00:25:31,"Coin: #LEVER/USDT

Short Set-Up 

Leverage: 5-10x

#LEVER already breaked down the Bear flag and looking bearish.

Entry: 0.0004090 - 0.0004250$(Enter partially)

Targets: 0.0004000 - 0.0003900 - 0.0003800 - 0.0003700 - 0.0003450 - 0.0003200$(Short term)

Stop-loss: 0.0004400$"
5805,2025-04-18T12:09:45,"Coin: #STORJ/USDT

Long Set-Up 

Leverage: 5-10x

#STORJ already breaked out the Falling wedge pattern and looking Bullish.

Entry: 0.3049 - 0.2850$(Buy partially)

Targets: 0.3120 - 0.3200 - 0.3280 - 0.3360 - 0.3550 - 0.3750 - 0.4000$(Short-mid term)

Stop-loss: 0.2700$"
5807,2025-04-18T12:20:43,"Coin: #HIVE/USDT

Long Set-Up

Leverage: 5-10x

#HIVE already breaked out the Falling wedge pattern and looking Bullish.

Entry: 0.24255 - 0.23000$(Buy partially)

Targets: 0.25000 - 0.25600 - 0.26200 - 0.26800 - 0.28500 - 0.31000 - 0.34000$(Short-mid term)

Stop-loss: 0.22000$"
5812,2025-04-19T23:33:51,"Coin: #XVG/USDT

Long Set-Up 

Leverage: 5-10x

#XVG already breaked out the Falling wedge pattern and looking Bullish.

Entry: 0.00452 - 0.00420$(Buy partially)

Targets: 0.00465 - 0.0048 - 0.00495 - 0.0051 - 0.0055 - 0.0060$(Short-mid term)

Stop-loss: 0.0040$"
5814,2025-04-19T23:42:06,"Coin: #SOL/USDT

Long Set-Up 

Leverage: 5-10x

#SOL already breaked out the Inverse head and shoulder pattern and looking Bullish.

Entry: 138.90 - 136$(Buy partially)

Targets: 142 - 145 - 148 - 152 - 160 - 170 - 180$(Short-mid term)

Stop-loss: 132$"
5824,2025-04-22T21:26:27,"Coin: #QTUM/USDT

Long Set-Up 

Leverage: 5-10x

#QTUM already breaked out the Falling wedge pattern and looking Bullish.

Entry: 2.166 - 2.050$(Buy partially)

Targets: 2.220 - 2.280 - 2.340 - 2.400 - 2.550 - 2.700$(Short-mid term)

Stop-loss: 1.950$"
5826,2025-04-22T21:46:54,"Coin: #CELR/USDT

Long Set-Up 

Leverage: 5-10x

#CELR already breaked out the Downtrend channel and looking Bullish.

Entry: 0.00931 - 0.00880$(Buy partially)

Targets: 0.00960 - 0.00980 - 0.01000 - 0.01020 - 0.01080 - 0.01150 - 0.01210$(Short-mid term)

Stop-loss: 0.00840$"
5870,2025-04-25T23:25:31,"Coin: #RARE/USDT

Long Set-Up 

Leverage: 5-10x

#RARE already breaked out the Symmetrical traingle pattern and looking Bullish.

Entry: 0.06294 - 0.06200$(Buy partially)

Targets: 0.06450 - 0.06600 - 0.06750 - 0.06900 - 0.07300 - 0.07800$(Short-mid term)

Stop-loss: 0.06050$"
5875,2025-04-26T23:50:47,"Coin: #ROSE/USDT

Long Set-Up 

Leverage: 5-10x

#ROSE already breaked out the Inverse head and shoulder pattern and looking Bullish.

Entry: 0.03087 - 0.02980$(Buy partially)

Targets: 0.03150 - 0.03220 - 0.03300 - 0.03380 - 0.03600 - 0.03800$(Short-mid term)

Stop-loss: 0.02850$"
5885,2025-05-01T21:04:30,"Coin: #XVS/USDT

Long Set-Up 

Leverage: 5-10x

#XVS already breaked out the Downtrend trendline and looking Bullish.

Entry: 5.893 - 5.500$(Buy partially)

Targets: 6.100 - 6.300 - 6.500 - 6.700 - 7.200 - 7.800$(Short-mid term)

Stop-loss: 5.150$"
5887,2025-05-01T21:35:01,"Coin: #CHR/USDT

Long Set-Up 

Leverage: 5-10x

#CHR already breaked out Downtrend channel and looking Bullish.

Entry: 0.0988 - 0.0940$(Buy partially)

Targets: 0.1020 - 0.1045 - 0.1070 - 0.1100 - 0.1160 - 0.1220 - 0.1300 - 0.1400$(Short-mid term)

Stop-loss: 0.0880$"
